{
  "Questions": [
    {
      "Statement": "Vad hette Musse Pigg ursprungligen?",
      "Answers": [
        "Keith",
        "Mortimer",
        "Martin",
        "Michael"
      ],
      "CorrectAnswer": 1,
      "QuestionPicturePath": "C:\\Users\\Jacob\\AppData\\Local\\JacobFQuizFolder\\Disney\\Pictures\\steamboat-mickey.png",
      "QuestionCategory": 1
    },
    {
      "Statement": "Vad hette Bambi\u0027s lilla kanin kompis?",
      "Answers": [
        "Valeria",
        "Micke",
        "Stampe",
        "Lady"
      ],
      "CorrectAnswer": 2,
      "QuestionPicturePath": "C:\\Users\\Jacob\\AppData\\Local\\JacobFQuizFolder\\Disney\\Pictures\\bambis-polare.png",
      "QuestionCategory": 1
    },
    {
      "Statement": "Vad hette mannen som skapade Pinocchio i filmen?",
      "Answers": [
        "Lionel",
        "Giuseppe",
        "Geppetto",
        "Paul"
      ],
      "CorrectAnswer": 2,
      "QuestionPicturePath": "C:\\Users\\Jacob\\AppData\\Local\\JacobFQuizFolder\\Disney\\Pictures\\pinocchio.png",
      "QuestionCategory": 1
    },
    {
      "Statement": "Vem sj\u00F6ng l\u00E5ten \u0022Havet \u00E4r djupt\u0022 i Den lilla sj\u00F6jungfrun?",
      "Answers": [
        "Sebastian",
        "Nemo",
        "Doris",
        "Pascal"
      ],
      "CorrectAnswer": 0,
      "QuestionPicturePath": "C:\\Users\\Jacob\\AppData\\Local\\JacobFQuizFolder\\Disney\\Pictures\\flounder-little-merman.png",
      "QuestionCategory": 1
    },
    {
      "Statement": "Vad hette Simba\u0027s pappa?",
      "Answers": [
        "Mufasa",
        "Nala",
        "Scar",
        "Timon"
      ],
      "CorrectAnswer": 0,
      "QuestionPicturePath": "C:\\Users\\Jacob\\AppData\\Local\\JacobFQuizFolder\\Disney\\Pictures\\scar-brother-hjelp-me.jpg",
      "QuestionCategory": 1
    },
    {
      "Statement": "Var \u00E4ger filmen \u0022Aladdin\u0022 rum?",
      "Answers": [
        "Kairo",
        "Mosul",
        "Esfahan",
        "Agrabah"
      ],
      "CorrectAnswer": 3,
      "QuestionPicturePath": "C:\\Users\\Jacob\\AppData\\Local\\JacobFQuizFolder\\Disney\\Pictures\\aladdin.png",
      "QuestionCategory": 1
    },
    {
      "Statement": "Vilken planet kommer Buzz Lightyear fr\u00E5n?",
      "Answers": [
        "M\u00E5nen",
        "Alpha Centauri",
        "Morph",
        "Gamma Quadrant of Sector 4"
      ],
      "CorrectAnswer": 2,
      "QuestionPicturePath": "C:\\Users\\Jacob\\AppData\\Local\\JacobFQuizFolder\\Disney\\Pictures\\buzz-lightyear.png",
      "QuestionCategory": 1
    },
    {
      "Statement": "Vad heter den olycksben\u00E4gna huvudkarakt\u00E4ren i \u0022Ett sm\u00E5kryps liv\u0022?",
      "Answers": [
        "Flik",
        "Hopper",
        "Atta",
        "Sid"
      ],
      "CorrectAnswer": 0,
      "QuestionPicturePath": "C:\\Users\\Jacob\\AppData\\Local\\JacobFQuizFolder\\Disney\\Pictures\\a-bugs-life.png",
      "QuestionCategory": 1
    },
    {
      "Statement": "I Monsters Inc, vad samlar Mike och Sully f\u00F6r att driva staden?",
      "Answers": [
        "\u00C5tervunnet papper",
        "Kol",
        "Barnskrik",
        "Plutonium"
      ],
      "CorrectAnswer": 2,
      "QuestionPicturePath": "C:\\Users\\Jacob\\AppData\\Local\\JacobFQuizFolder\\Disney\\Pictures\\mike-wazowski.png",
      "QuestionCategory": 1
    },
    {
      "Statement": "Vad heter hajen i \u0022Hitta Nemo\u0022?",
      "Answers": [
        "Bruce",
        "Jason",
        "Shane",
        "Tim"
      ],
      "CorrectAnswer": 0,
      "QuestionPicturePath": "C:\\Users\\Jacob\\AppData\\Local\\JacobFQuizFolder\\Disney\\Pictures\\baby-shark-dududu.png",
      "QuestionCategory": 1
    }
  ],
  "Title": "Disney"
}