{
  "Questions": [
    {
      "Statement": "Vilken \u00E4r staden?",
      "Answers": [
        "Paris",
        "Rom",
        "Berlin",
        "Las Vegas"
      ],
      "CorrectAnswer": 0,
      "QuestionPicturePath": "C:\\Users\\Jacob\\AppData\\Local\\JacobFQuizFolder\\Gissa var\\Pictures\\arc-de-triomphe.png",
      "QuestionCategory": 4
    },
    {
      "Statement": "Vart hittar du denna byggnad?",
      "Answers": [
        "Los Angeles",
        "Paris",
        "Ankara",
        "Rom"
      ],
      "CorrectAnswer": 1,
      "QuestionPicturePath": "C:\\Users\\Jacob\\AppData\\Local\\JacobFQuizFolder\\Gissa var\\Pictures\\louvre.png",
      "QuestionCategory": 4
    },
    {
      "Statement": "Vart hittar man detta hus?",
      "Answers": [
        "Melbourne",
        "Brisbane",
        "Perth",
        "Sydney"
      ],
      "CorrectAnswer": 3,
      "QuestionPicturePath": "C:\\Users\\Jacob\\AppData\\Local\\JacobFQuizFolder\\Gissa var\\Pictures\\opera-house.png",
      "QuestionCategory": 4
    },
    {
      "Statement": "I vilket land finner man Angkor Wat?",
      "Answers": [
        "Thailand",
        "Kambodja",
        "Vietnam",
        "Laos"
      ],
      "CorrectAnswer": 1,
      "QuestionPicturePath": "C:\\Users\\Jacob\\AppData\\Local\\JacobFQuizFolder\\Gissa var\\Pictures\\angkor-wat.png",
      "QuestionCategory": 4
    },
    {
      "Statement": "Vad heter klockan p\u00E5 bilden?",
      "Answers": [
        "Big Glenn",
        "Massive Steve",
        "Big Ben",
        "Timekeeper Billy"
      ],
      "CorrectAnswer": 2,
      "QuestionPicturePath": "C:\\Users\\Jacob\\AppData\\Local\\JacobFQuizFolder\\Gissa var\\Pictures\\big-ben.png",
      "QuestionCategory": 4
    },
    {
      "Statement": "Petra \u00E4r ett av v\u00E4rldens sju nya underverk. Men var ligger den?",
      "Answers": [
        "Irak",
        "Palestina",
        "Syrien",
        "Jordanien"
      ],
      "CorrectAnswer": 3,
      "QuestionPicturePath": "C:\\Users\\Jacob\\AppData\\Local\\JacobFQuizFolder\\Gissa var\\Pictures\\petra-clipart-md.png",
      "QuestionCategory": 4
    },
    {
      "Statement": "Ett av antikens sju underverk var \u0022De h\u00E4ngande Tr\u00E4dg\u00E5rdarna av ...\u0022. Var l\u00E5g dessa?",
      "Answers": [
        "Babylon",
        "Ashur",
        "Jerusalem",
        "Tigris"
      ],
      "CorrectAnswer": 0,
      "QuestionPicturePath": "C:\\Users\\Jacob\\AppData\\Local\\JacobFQuizFolder\\Gissa var\\Pictures\\hanging-gardens.jpg",
      "QuestionCategory": 3
    },
    {
      "Statement": "Vilken romersk kejsare br\u00E4nde ner Det stora biblioteket i Alexandria?",
      "Answers": [
        "Marcus Aurelius",
        "Caligula",
        "Augustus",
        "Julius Caesar"
      ],
      "CorrectAnswer": 3,
      "QuestionPicturePath": "C:\\Users\\Jacob\\AppData\\Local\\JacobFQuizFolder\\Gissa var\\Pictures\\alexandria.png",
      "QuestionCategory": 3
    }
  ],
  "Title": "Gissa var"
}