{
  "Questions": [
    {
      "Statement": "Vem var den ursprunglige trummisen i \u0022The Beatles\u0022?",
      "Answers": [
        "Pete Best",
        "Ringo Starr",
        "Keith Moon",
        "Travis Barker"
      ],
      "CorrectAnswer": 0,
      "QuestionPicturePath": "C:\\Users\\Jacob\\AppData\\Local\\JacobFQuizFolder\\Testa din musikkunskap!\\Pictures\\beatles.png",
      "QuestionCategory": 5
    },
    {
      "Statement": "Will.i.am \u00E4r b\u00E4st k\u00E4nd f\u00F6r att vara medlem av vilken hiphop-grupp?",
      "Answers": [
        "N.W.A",
        "Black Eyed Peas",
        "Atban Klann",
        "Wu-Tang Clan"
      ],
      "CorrectAnswer": 1,
      "QuestionPicturePath": "C:\\Users\\Jacob\\AppData\\Local\\JacobFQuizFolder\\Testa din musikkunskap!\\Pictures\\william-artist.jpg",
      "QuestionCategory": 5
    },
    {
      "Statement": "Vem hade en hit med l\u00E5ten \u0022Ice Ice Baby\u0022?",
      "Answers": [
        "Queen",
        "Kanye West",
        "Vanilla Ice",
        "Boomfunk MC"
      ],
      "CorrectAnswer": 2,
      "QuestionPicturePath": "C:\\Users\\Jacob\\AppData\\Local\\JacobFQuizFolder\\Testa din musikkunskap!\\Pictures\\ice-ice.png",
      "QuestionCategory": 5
    },
    {
      "Statement": "Vilken l\u00E5t \u00E4r den b\u00E4sts\u00E4ljande singeln genom alla tider?",
      "Answers": [
        "\u0022White Christmas\u0022 av Bing Crosby",
        "\u0022All I Want for Christmas Is You\u0022 av Mariah Carey",
        "\u0022Rock Around The Clock\u0022 av Bill Haley \u0026 His Comets",
        "\u0022I Will Always Love You\u0022 av Whitney Houston"
      ],
      "CorrectAnswer": 0,
      "QuestionPicturePath": "C:\\Users\\Jacob\\AppData\\Local\\JacobFQuizFolder\\Testa din musikkunskap!\\Pictures\\goldmedal-gz.png",
      "QuestionCategory": 5
    },
    {
      "Statement": "Vad hette bandet som Beyonce blev k\u00E4nd igenom?",
      "Answers": [
        "Sugababes",
        "Destiny\u0027s Child",
        "Spice Girls",
        "Atomic Kitten"
      ],
      "CorrectAnswer": 1,
      "QuestionPicturePath": "C:\\Users\\Jacob\\AppData\\Local\\JacobFQuizFolder\\Testa din musikkunskap!\\Pictures\\beyonce-pic.png",
      "QuestionCategory": 5
    },
    {
      "Statement": "Vilken artist \u00E4r ocks\u00E5 k\u00E4nd som \u0022Slim Shady\u0022?",
      "Answers": [
        "Curtis James Jackson III",
        "Lesane Parish Crooks",
        "Marshall Bruce Mathers III",
        "Christopher George Latore Wallace"
      ],
      "CorrectAnswer": 2,
      "QuestionPicturePath": "C:\\Users\\Jacob\\AppData\\Local\\JacobFQuizFolder\\Testa din musikkunskap!\\Pictures\\slim-shady.png",
      "QuestionCategory": 5
    },
    {
      "Statement": "\u0022Hotel California\u0022 var en hitl\u00E5t fr\u00E5n vilket band?",
      "Answers": [
        "Eagles",
        "The Beach Boys",
        "The Animals",
        "Fleetwood Mac"
      ],
      "CorrectAnswer": 0,
      "QuestionPicturePath": "C:\\Users\\Jacob\\AppData\\Local\\JacobFQuizFolder\\Testa din musikkunskap!\\Pictures\\california-pic.png",
      "QuestionCategory": 5
    },
    {
      "Statement": "Vad heter Britney Spears f\u00F6rsta hitl\u00E5t?",
      "Answers": [
        "\u0022...Baby One More Time\u0022",
        "\u0022Oops!... I Did It Again\u0022",
        "\u0022Sometimes\u0022",
        "\u0022Toxic\u0022"
      ],
      "CorrectAnswer": 0,
      "QuestionPicturePath": "C:\\Users\\Jacob\\AppData\\Local\\JacobFQuizFolder\\Testa din musikkunskap!\\Pictures\\britney-spears.png",
      "QuestionCategory": 5
    }
  ],
  "Title": "Testa din musikkunskap!"
}