{
  "Questions": [
    {
      "Statement": "Vad ska man, enligt s\u00E4gnen, \u00E4ta f\u00F6r att f\u00E5 b\u00E4ttre syn?",
      "Answers": [
        "N\u00F6tter",
        "Bl\u00E5b\u00E4r",
        "Mor\u00F6tter",
        "Tomater"
      ],
      "CorrectAnswer": 2,
      "QuestionPicturePath": "C:\\Users\\Jacob\\AppData\\Local\\JacobFQuizFolder\\Mat \u0026 Dryck\\Pictures\\eye-picture-quiz.jpg",
      "QuestionCategory": 2
    },
    {
      "Statement": "Den vinproducerande regionen Mosel ligger i vilket land?",
      "Answers": [
        "Nederl\u00E4nderna",
        "Frankrike",
        "Tyskland",
        "Israel"
      ],
      "CorrectAnswer": 2,
      "QuestionPicturePath": "C:\\Users\\Jacob\\AppData\\Local\\JacobFQuizFolder\\Mat \u0026 Dryck\\Pictures\\actually-pouring-wine.png",
      "QuestionCategory": 2
    },
    {
      "Statement": "Botaniskts s\u00E4tt, vilken sorts frukt \u00E4r en banan?",
      "Answers": [
        "Frukt",
        "Gr\u00F6nsak",
        "Stenfrukt",
        "B\u00E4r"
      ],
      "CorrectAnswer": 3,
      "QuestionPicturePath": "C:\\Users\\Jacob\\AppData\\Local\\JacobFQuizFolder\\Mat \u0026 Dryck\\Pictures\\banana-cut-half.jpg",
      "QuestionCategory": 2
    },
    {
      "Statement": "Vilken \u00E4r huvudingrediensen i falafel?",
      "Answers": [
        "Potatis",
        "Kik\u00E4rtor",
        "Aubergine",
        "Mor\u00F6tter"
      ],
      "CorrectAnswer": 1,
      "QuestionPicturePath": "C:\\Users\\Jacob\\AppData\\Local\\JacobFQuizFolder\\Mat \u0026 Dryck\\Pictures\\falalafelel.png",
      "QuestionCategory": 2
    },
    {
      "Statement": "\u0022Foie Gras\u0022 anses vara en av det franska k\u00F6kets st\u00F6rsta delikatesser. Men vad best\u00E5r det av?",
      "Answers": [
        "Lever",
        "Benm\u00E4rg",
        "Br\u00F6st",
        "Hj\u00E4rta"
      ],
      "CorrectAnswer": 0,
      "QuestionPicturePath": "C:\\Users\\Jacob\\AppData\\Local\\JacobFQuizFolder\\Mat \u0026 Dryck\\Pictures\\franska-koket.png",
      "QuestionCategory": 2
    },
    {
      "Statement": "Vilken matr\u00E4tt ser du p\u00E5 bilden?",
      "Answers": [
        "Pok\u00E9 bowl",
        "Kyckling panang",
        "Miso",
        "Pho"
      ],
      "CorrectAnswer": 3,
      "QuestionPicturePath": "C:\\Users\\Jacob\\AppData\\Local\\JacobFQuizFolder\\Mat \u0026 Dryck\\Pictures\\what-is-dis-food.png",
      "QuestionCategory": 2
    },
    {
      "Statement": "Mozzarella \u00E4r en sorts ost. Men i vilket land har mozzarellan sitt ursprung?",
      "Answers": [
        "Italien",
        "Grekland",
        "Frankrike",
        "Schweiz"
      ],
      "CorrectAnswer": 0,
      "QuestionPicturePath": "C:\\Users\\Jacob\\AppData\\Local\\JacobFQuizFolder\\Mat \u0026 Dryck\\Pictures\\mozzarella.png",
      "QuestionCategory": 2
    },
    {
      "Statement": "Sveriges mest \u00E4lskade matr\u00E4tt \u00E4r k\u00F6ttbullar. Men var antas k\u00F6ttbullarna ha sina r\u00F6tter?",
      "Answers": [
        "Grekland",
        "Italien",
        "Turkiet",
        "Tyskland"
      ],
      "CorrectAnswer": 2,
      "QuestionPicturePath": "C:\\Users\\Jacob\\AppData\\Local\\JacobFQuizFolder\\Mat \u0026 Dryck\\Pictures\\kottbullar.png",
      "QuestionCategory": 2
    }
  ],
  "Title": "Mat \u0026 Dryck"
}